i,A_i,enrichment
1294,Y,14.034352192862174
1267,D,13.315840382145232
1305,Q,13.03814279421123
1107,K,12.204622966764722
1350,Q,11.391517610307053
1203,L,10.437489446072872
1205,E,10.138627573453066
1144,L,9.596595584399017
1262,H,9.531072704675038
1359,R,9.093225933142351
1146,V,9.017232557471525
1211,K,8.565985949891104
1357,E,8.40196755335376
1136,S,7.294393288557169
1235,F,7.236555209729952
1346,T,7.059134996905201
1134,F,7.046469901346987
1274,S,7.019946516135946
1122,R,6.878304176703919
1197,K,6.8164970428583525
1223,G,6.663654294966365
1263,K,6.523693533207197
1349,H,6.364232652644822
1291,L,6.227458940416053
1347,L,6.222551341202863
1191,K,6.149403056384638
1119,L,5.9000597702607935
1215,A,5.886319709307937
1141,Y,5.73815614998757
1135,D,5.728890074757876
1138,T,5.720216046971319
1147,A,5.648599634612609
1331,I,5.187632756671073
1168,I,5.077760472962558
1163,L,4.924467839245706
1204,F,4.713776024861278
1202,S,4.6693961222163916
1325,K,4.591974465850014
1162,E,4.418511254452155
1110,I,4.368559625278492
1143,V,4.36285532146467
1137,P,4.340546362352867
1297,H,4.162206298620207
1221,Q,4.159130387246448
1182,L,4.080314900780091
1213,M,3.9315411937336657
1358,T,3.892870873029633
1266,L,3.82361159926245
1198,L,3.819425238392817
1290,V,3.7579923478878836
1232,Y,3.6827934136568703
1128,P,3.6645387682081703
1190,V,3.644814123240434
1298,R,3.622257776872849
1111,L,3.6006991665223906
1268,E,3.55965831362438
1201,Y,3.470219804063398
1140,A,3.330496349415738
1323,A,3.3178163837602375
1312,L,3.2027119110709568
1187,Y,3.151715420560705
1166,I,3.146748995826555
1169,M,2.8776432592575114
1106,S,2.8323650846080546
1109,S,2.756280535091744
1139,V,2.672088443957857
1194,L,2.601397288821086
1133,G,2.525161660781639
1161,K,2.3131797333391964
1265,Y,2.299921988405833
1293,A,2.1361587249770446
1216,S,2.1266448471371695
1165,G,2.1099177972920247
1329,T,2.093383955023097
1360,I,2.033922586398038
1142,S,1.9277773580573117
1145,V,1.8915318782724238
1311,H,1.8913917029318592
1116,S,1.8322669792712445
1219,E,1.8158773011795843
1195,I,1.8000975875026604
1335,R,1.774438162060422
1259,V,1.759459635941609
1362,L,1.642790803925814
1287,L,1.5659026347632374
1289,K,1.5582101815337277
1229,P,1.4852855401926395
1324,F,1.4207087831960121
1224,N,1.407795693189285
1316,T,1.2996856512342894
1352,I,1.2529567363266998
1326,Y,1.237035643324515
1228,L,1.2223372195860576
1196,I,1.206243263989591
1348,I,1.2034054853212086
1332,D,1.099258646491335
1322,A,1.0906348898785672
1281,I,1.0851124228221218
1320,A,1.0751623264750705
1330,T,1.0678164885432144
1129,K,1.0647723322222042
1225,E,1.033279443868564
1180,D,0.9854257096866863
1306,A,0.9439147708377352
1328,D,0.9249635734770665
1164,L,0.9181005853511673
1212,R,0.9171721115675766
1296,K,0.8960980471535185
1283,A,0.8830275583604166
1269,I,0.8815018655729379
1318,L,0.8519665208362875
1120,I,0.8408297589629947
1220,L,0.8316204231009959
1361,D,0.769581576094061
1239,A,0.748048920843589
1130,K,0.7275373874219732
1334,K,0.7250319209961016
1333,R,0.7100620280598567
1277,S,0.6825275339250303
1227,A,0.6711103860843064
1272,Q,0.6493235769652275
1113,K,0.6430074493512805
1308,N,0.6326707539859333
1345,A,0.6278731327667092
1175,E,0.6220194963227496
1310,I,0.6180919533973755
1126,W,0.6141513494900095
1327,F,0.6015398102209061
1121,A,0.5786770162018876
1217,A,0.5552836459727618
1173,S,0.5528493273507915
1167,T,0.525471917125141
1309,I,0.5249634761336703
1200,K,0.5182107784642744
1177,N,0.5154690232312338
1238,L,0.5035567587259254
1304,E,0.49530356429619005
1314,T,0.48418811093455566
1124,K,0.4671670949410084
1261,Q,0.4498507446856984
1307,E,0.4195548947202556
1288,D,0.4138497738889551
1295,N,0.39859448261048247
1273,I,0.3919794488229686
1319,G,0.3903385696466724
1292,S,0.37994405556831373
1300,K,0.37888048064192553
1278,K,0.36564414314941135
1160,V,0.3454389726839984
1108,E,0.344561467590179
1188,K,0.33619741177424123
1270,I,0.3285575233492283
1240,S,0.31761455062869787
1344,D,0.31609818662201195
1183,E,0.3117709645438583
1174,F,0.3096422906556095
1321,P,0.3088827527200711
1222,K,0.2821204236206716
1264,H,0.2699102440308614
1353,T,0.24697688530566708
1255,K,0.22655859598767786
1102,T,0.22560839274597924
1210,R,0.21803727904333206
1112,P,0.20107358577692977
1199,P,0.19486118855292814
1176,K,0.19087264937268525
1189,E,0.18180758042691614
1317,N,0.18131292303227634
1237,Y,0.14262915043972538
1114,R,0.13851963692212976
1242,Y,0.1310057450198789
1341,E,0.12651608661236144
1356,Y,0.09003516414409769
1303,R,0.060759052550408976
1178,P,0.05569421857079065
1123,K,0.054088211760526514
1171,R,0.04328794350478637
1115,N,0.04008541930756187
1299,D,0.02886552632354802
1226,L,0.018444197513098837
1260,E,0.00820475264731621
1247,G,0.0009502032416986023
1125,D,-0.01069991139511763
1271,E,-0.01069991139511763
1313,F,-0.014792303893865216
1104,G,-0.015364735436023926
1179,I,-0.0188362454065513
1193,D,-0.02299851374551363
1214,L,-0.02395087165737844
1282,L,-0.04417598606621806
